name,number,link
Bulbasaur,#0001,https://pokemondb.net/pokedex/bulbasaur
Ivysaur,#0002,https://pokemondb.net/pokedex/ivysaur
Venusaur,#0003,https://pokemondb.net/pokedex/venusaur
Charmander,#0004,https://pokemondb.net/pokedex/charmander
Charmeleon,#0005,https://pokemondb.net/pokedex/charmeleon
Charizard,#0006,https://pokemondb.net/pokedex/charizard
Squirtle,#0007,https://pokemondb.net/pokedex/squirtle
Wartortle,#0008,https://pokemondb.net/pokedex/wartortle
Blastoise,#0009,https://pokemondb.net/pokedex/blastoise
Caterpie,#0010,https://pokemondb.net/pokedex/caterpie
Metapod,#0011,https://pokemondb.net/pokedex/metapod
Butterfree,#0012,https://pokemondb.net/pokedex/butterfree
Weedle,#0013,https://pokemondb.net/pokedex/weedle
Kakuna,#0014,https://pokemondb.net/pokedex/kakuna
Beedrill,#0015,https://pokemondb.net/pokedex/beedrill
Pidgey,#0016,https://pokemondb.net/pokedex/pidgey
Pidgeotto,#0017,https://pokemondb.net/pokedex/pidgeotto
Pidgeot,#0018,https://pokemondb.net/pokedex/pidgeot
Rattata,#0019,https://pokemondb.net/pokedex/rattata
Raticate,#0020,https://pokemondb.net/pokedex/raticate
Spearow,#0021,https://pokemondb.net/pokedex/spearow
Fearow,#0022,https://pokemondb.net/pokedex/fearow
Ekans,#0023,https://pokemondb.net/pokedex/ekans
Arbok,#0024,https://pokemondb.net/pokedex/arbok
Pikachu,#0025,https://pokemondb.net/pokedex/pikachu
Raichu,#0026,https://pokemondb.net/pokedex/raichu
Sandshrew,#0027,https://pokemondb.net/pokedex/sandshrew
Sandslash,#0028,https://pokemondb.net/pokedex/sandslash
Nidoran♀,#0029,https://pokemondb.net/pokedex/nidoran-f
Nidorina,#0030,https://pokemondb.net/pokedex/nidorina
Nidoqueen,#0031,https://pokemondb.net/pokedex/nidoqueen
Nidoran♂,#0032,https://pokemondb.net/pokedex/nidoran-m
Nidorino,#0033,https://pokemondb.net/pokedex/nidorino
Nidoking,#0034,https://pokemondb.net/pokedex/nidoking
Clefairy,#0035,https://pokemondb.net/pokedex/clefairy
Clefable,#0036,https://pokemondb.net/pokedex/clefable
Vulpix,#0037,https://pokemondb.net/pokedex/vulpix
Ninetales,#0038,https://pokemondb.net/pokedex/ninetales
Jigglypuff,#0039,https://pokemondb.net/pokedex/jigglypuff
Wigglytuff,#0040,https://pokemondb.net/pokedex/wigglytuff
Zubat,#0041,https://pokemondb.net/pokedex/zubat
Golbat,#0042,https://pokemondb.net/pokedex/golbat
Oddish,#0043,https://pokemondb.net/pokedex/oddish
Gloom,#0044,https://pokemondb.net/pokedex/gloom
Vileplume,#0045,https://pokemondb.net/pokedex/vileplume
Paras,#0046,https://pokemondb.net/pokedex/paras
Parasect,#0047,https://pokemondb.net/pokedex/parasect
Venonat,#0048,https://pokemondb.net/pokedex/venonat
Venomoth,#0049,https://pokemondb.net/pokedex/venomoth
Diglett,#0050,https://pokemondb.net/pokedex/diglett
Dugtrio,#0051,https://pokemondb.net/pokedex/dugtrio
Meowth,#0052,https://pokemondb.net/pokedex/meowth
Persian,#0053,https://pokemondb.net/pokedex/persian
Psyduck,#0054,https://pokemondb.net/pokedex/psyduck
Golduck,#0055,https://pokemondb.net/pokedex/golduck
Mankey,#0056,https://pokemondb.net/pokedex/mankey
Primeape,#0057,https://pokemondb.net/pokedex/primeape
Growlithe,#0058,https://pokemondb.net/pokedex/growlithe
Arcanine,#0059,https://pokemondb.net/pokedex/arcanine
Poliwag,#0060,https://pokemondb.net/pokedex/poliwag
Poliwhirl,#0061,https://pokemondb.net/pokedex/poliwhirl
Poliwrath,#0062,https://pokemondb.net/pokedex/poliwrath
Abra,#0063,https://pokemondb.net/pokedex/abra
Kadabra,#0064,https://pokemondb.net/pokedex/kadabra
Alakazam,#0065,https://pokemondb.net/pokedex/alakazam
Machop,#0066,https://pokemondb.net/pokedex/machop
Machoke,#0067,https://pokemondb.net/pokedex/machoke
Machamp,#0068,https://pokemondb.net/pokedex/machamp
Bellsprout,#0069,https://pokemondb.net/pokedex/bellsprout
Weepinbell,#0070,https://pokemondb.net/pokedex/weepinbell
Victreebel,#0071,https://pokemondb.net/pokedex/victreebel
Tentacool,#0072,https://pokemondb.net/pokedex/tentacool
Tentacruel,#0073,https://pokemondb.net/pokedex/tentacruel
Geodude,#0074,https://pokemondb.net/pokedex/geodude
Graveler,#0075,https://pokemondb.net/pokedex/graveler
Golem,#0076,https://pokemondb.net/pokedex/golem
Ponyta,#0077,https://pokemondb.net/pokedex/ponyta
Rapidash,#0078,https://pokemondb.net/pokedex/rapidash
Slowpoke,#0079,https://pokemondb.net/pokedex/slowpoke
Slowbro,#0080,https://pokemondb.net/pokedex/slowbro
Magnemite,#0081,https://pokemondb.net/pokedex/magnemite
Magneton,#0082,https://pokemondb.net/pokedex/magneton
Farfetch'd,#0083,https://pokemondb.net/pokedex/farfetchd
Doduo,#0084,https://pokemondb.net/pokedex/doduo
Dodrio,#0085,https://pokemondb.net/pokedex/dodrio
Seel,#0086,https://pokemondb.net/pokedex/seel
Dewgong,#0087,https://pokemondb.net/pokedex/dewgong
Grimer,#0088,https://pokemondb.net/pokedex/grimer
Muk,#0089,https://pokemondb.net/pokedex/muk
Shellder,#0090,https://pokemondb.net/pokedex/shellder
Cloyster,#0091,https://pokemondb.net/pokedex/cloyster
Gastly,#0092,https://pokemondb.net/pokedex/gastly
Haunter,#0093,https://pokemondb.net/pokedex/haunter
Gengar,#0094,https://pokemondb.net/pokedex/gengar
Onix,#0095,https://pokemondb.net/pokedex/onix
Drowzee,#0096,https://pokemondb.net/pokedex/drowzee
Hypno,#0097,https://pokemondb.net/pokedex/hypno
Krabby,#0098,https://pokemondb.net/pokedex/krabby
Kingler,#0099,https://pokemondb.net/pokedex/kingler
Voltorb,#0100,https://pokemondb.net/pokedex/voltorb
Electrode,#0101,https://pokemondb.net/pokedex/electrode
Exeggcute,#0102,https://pokemondb.net/pokedex/exeggcute
Exeggutor,#0103,https://pokemondb.net/pokedex/exeggutor
Cubone,#0104,https://pokemondb.net/pokedex/cubone
Marowak,#0105,https://pokemondb.net/pokedex/marowak
Hitmonlee,#0106,https://pokemondb.net/pokedex/hitmonlee
Hitmonchan,#0107,https://pokemondb.net/pokedex/hitmonchan
Lickitung,#0108,https://pokemondb.net/pokedex/lickitung
Koffing,#0109,https://pokemondb.net/pokedex/koffing
Weezing,#0110,https://pokemondb.net/pokedex/weezing
Rhyhorn,#0111,https://pokemondb.net/pokedex/rhyhorn
Rhydon,#0112,https://pokemondb.net/pokedex/rhydon
Chansey,#0113,https://pokemondb.net/pokedex/chansey
Tangela,#0114,https://pokemondb.net/pokedex/tangela
Kangaskhan,#0115,https://pokemondb.net/pokedex/kangaskhan
Horsea,#0116,https://pokemondb.net/pokedex/horsea
Seadra,#0117,https://pokemondb.net/pokedex/seadra
Goldeen,#0118,https://pokemondb.net/pokedex/goldeen
Seaking,#0119,https://pokemondb.net/pokedex/seaking
Staryu,#0120,https://pokemondb.net/pokedex/staryu
Starmie,#0121,https://pokemondb.net/pokedex/starmie
Mr. Mime,#0122,https://pokemondb.net/pokedex/mr-mime
Scyther,#0123,https://pokemondb.net/pokedex/scyther
Jynx,#0124,https://pokemondb.net/pokedex/jynx
Electabuzz,#0125,https://pokemondb.net/pokedex/electabuzz
Magmar,#0126,https://pokemondb.net/pokedex/magmar
Pinsir,#0127,https://pokemondb.net/pokedex/pinsir
Tauros,#0128,https://pokemondb.net/pokedex/tauros
Magikarp,#0129,https://pokemondb.net/pokedex/magikarp
Gyarados,#0130,https://pokemondb.net/pokedex/gyarados
Lapras,#0131,https://pokemondb.net/pokedex/lapras
Ditto,#0132,https://pokemondb.net/pokedex/ditto
Eevee,#0133,https://pokemondb.net/pokedex/eevee
Vaporeon,#0134,https://pokemondb.net/pokedex/vaporeon
Jolteon,#0135,https://pokemondb.net/pokedex/jolteon
Flareon,#0136,https://pokemondb.net/pokedex/flareon
Porygon,#0137,https://pokemondb.net/pokedex/porygon
Omanyte,#0138,https://pokemondb.net/pokedex/omanyte
Omastar,#0139,https://pokemondb.net/pokedex/omastar
Kabuto,#0140,https://pokemondb.net/pokedex/kabuto
Kabutops,#0141,https://pokemondb.net/pokedex/kabutops
Aerodactyl,#0142,https://pokemondb.net/pokedex/aerodactyl
Snorlax,#0143,https://pokemondb.net/pokedex/snorlax
Articuno,#0144,https://pokemondb.net/pokedex/articuno
Zapdos,#0145,https://pokemondb.net/pokedex/zapdos
Moltres,#0146,https://pokemondb.net/pokedex/moltres
Dratini,#0147,https://pokemondb.net/pokedex/dratini
Dragonair,#0148,https://pokemondb.net/pokedex/dragonair
Dragonite,#0149,https://pokemondb.net/pokedex/dragonite
Mewtwo,#0150,https://pokemondb.net/pokedex/mewtwo
Mew,#0151,https://pokemondb.net/pokedex/mew
Chikorita,#0152,https://pokemondb.net/pokedex/chikorita
Bayleef,#0153,https://pokemondb.net/pokedex/bayleef
Meganium,#0154,https://pokemondb.net/pokedex/meganium
Cyndaquil,#0155,https://pokemondb.net/pokedex/cyndaquil
Quilava,#0156,https://pokemondb.net/pokedex/quilava
Typhlosion,#0157,https://pokemondb.net/pokedex/typhlosion
Totodile,#0158,https://pokemondb.net/pokedex/totodile
Croconaw,#0159,https://pokemondb.net/pokedex/croconaw
Feraligatr,#0160,https://pokemondb.net/pokedex/feraligatr
Sentret,#0161,https://pokemondb.net/pokedex/sentret
Furret,#0162,https://pokemondb.net/pokedex/furret
Hoothoot,#0163,https://pokemondb.net/pokedex/hoothoot
Noctowl,#0164,https://pokemondb.net/pokedex/noctowl
Ledyba,#0165,https://pokemondb.net/pokedex/ledyba
Ledian,#0166,https://pokemondb.net/pokedex/ledian
Spinarak,#0167,https://pokemondb.net/pokedex/spinarak
Ariados,#0168,https://pokemondb.net/pokedex/ariados
Crobat,#0169,https://pokemondb.net/pokedex/crobat
Chinchou,#0170,https://pokemondb.net/pokedex/chinchou
Lanturn,#0171,https://pokemondb.net/pokedex/lanturn
Pichu,#0172,https://pokemondb.net/pokedex/pichu
Cleffa,#0173,https://pokemondb.net/pokedex/cleffa
Igglybuff,#0174,https://pokemondb.net/pokedex/igglybuff
Togepi,#0175,https://pokemondb.net/pokedex/togepi
Togetic,#0176,https://pokemondb.net/pokedex/togetic
Natu,#0177,https://pokemondb.net/pokedex/natu
Xatu,#0178,https://pokemondb.net/pokedex/xatu
Mareep,#0179,https://pokemondb.net/pokedex/mareep
Flaaffy,#0180,https://pokemondb.net/pokedex/flaaffy
Ampharos,#0181,https://pokemondb.net/pokedex/ampharos
Bellossom,#0182,https://pokemondb.net/pokedex/bellossom
Marill,#0183,https://pokemondb.net/pokedex/marill
Azumarill,#0184,https://pokemondb.net/pokedex/azumarill
Sudowoodo,#0185,https://pokemondb.net/pokedex/sudowoodo
Politoed,#0186,https://pokemondb.net/pokedex/politoed
Hoppip,#0187,https://pokemondb.net/pokedex/hoppip
Skiploom,#0188,https://pokemondb.net/pokedex/skiploom
Jumpluff,#0189,https://pokemondb.net/pokedex/jumpluff
Aipom,#0190,https://pokemondb.net/pokedex/aipom
Sunkern,#0191,https://pokemondb.net/pokedex/sunkern
Sunflora,#0192,https://pokemondb.net/pokedex/sunflora
Yanma,#0193,https://pokemondb.net/pokedex/yanma
Wooper,#0194,https://pokemondb.net/pokedex/wooper
Quagsire,#0195,https://pokemondb.net/pokedex/quagsire
Espeon,#0196,https://pokemondb.net/pokedex/espeon
Umbreon,#0197,https://pokemondb.net/pokedex/umbreon
Murkrow,#0198,https://pokemondb.net/pokedex/murkrow
Slowking,#0199,https://pokemondb.net/pokedex/slowking
Misdreavus,#0200,https://pokemondb.net/pokedex/misdreavus
Unown,#0201,https://pokemondb.net/pokedex/unown
Wobbuffet,#0202,https://pokemondb.net/pokedex/wobbuffet
Girafarig,#0203,https://pokemondb.net/pokedex/girafarig
Pineco,#0204,https://pokemondb.net/pokedex/pineco
Forretress,#0205,https://pokemondb.net/pokedex/forretress
Dunsparce,#0206,https://pokemondb.net/pokedex/dunsparce
Gligar,#0207,https://pokemondb.net/pokedex/gligar
Steelix,#0208,https://pokemondb.net/pokedex/steelix
Snubbull,#0209,https://pokemondb.net/pokedex/snubbull
Granbull,#0210,https://pokemondb.net/pokedex/granbull
Qwilfish,#0211,https://pokemondb.net/pokedex/qwilfish
Scizor,#0212,https://pokemondb.net/pokedex/scizor
Shuckle,#0213,https://pokemondb.net/pokedex/shuckle
Heracross,#0214,https://pokemondb.net/pokedex/heracross
Sneasel,#0215,https://pokemondb.net/pokedex/sneasel
Teddiursa,#0216,https://pokemondb.net/pokedex/teddiursa
Ursaring,#0217,https://pokemondb.net/pokedex/ursaring
Slugma,#0218,https://pokemondb.net/pokedex/slugma
Magcargo,#0219,https://pokemondb.net/pokedex/magcargo
Swinub,#0220,https://pokemondb.net/pokedex/swinub
Piloswine,#0221,https://pokemondb.net/pokedex/piloswine
Corsola,#0222,https://pokemondb.net/pokedex/corsola
Remoraid,#0223,https://pokemondb.net/pokedex/remoraid
Octillery,#0224,https://pokemondb.net/pokedex/octillery
Delibird,#0225,https://pokemondb.net/pokedex/delibird
Mantine,#0226,https://pokemondb.net/pokedex/mantine
Skarmory,#0227,https://pokemondb.net/pokedex/skarmory
Houndour,#0228,https://pokemondb.net/pokedex/houndour
Houndoom,#0229,https://pokemondb.net/pokedex/houndoom
Kingdra,#0230,https://pokemondb.net/pokedex/kingdra
Phanpy,#0231,https://pokemondb.net/pokedex/phanpy
Donphan,#0232,https://pokemondb.net/pokedex/donphan
Porygon2,#0233,https://pokemondb.net/pokedex/porygon2
Stantler,#0234,https://pokemondb.net/pokedex/stantler
Smeargle,#0235,https://pokemondb.net/pokedex/smeargle
Tyrogue,#0236,https://pokemondb.net/pokedex/tyrogue
Hitmontop,#0237,https://pokemondb.net/pokedex/hitmontop
Smoochum,#0238,https://pokemondb.net/pokedex/smoochum
Elekid,#0239,https://pokemondb.net/pokedex/elekid
Magby,#0240,https://pokemondb.net/pokedex/magby
Miltank,#0241,https://pokemondb.net/pokedex/miltank
Blissey,#0242,https://pokemondb.net/pokedex/blissey
Raikou,#0243,https://pokemondb.net/pokedex/raikou
Entei,#0244,https://pokemondb.net/pokedex/entei
Suicune,#0245,https://pokemondb.net/pokedex/suicune
Larvitar,#0246,https://pokemondb.net/pokedex/larvitar
Pupitar,#0247,https://pokemondb.net/pokedex/pupitar
Tyranitar,#0248,https://pokemondb.net/pokedex/tyranitar
Lugia,#0249,https://pokemondb.net/pokedex/lugia
Ho-oh,#0250,https://pokemondb.net/pokedex/ho-oh
Celebi,#0251,https://pokemondb.net/pokedex/celebi
Treecko,#0252,https://pokemondb.net/pokedex/treecko
Grovyle,#0253,https://pokemondb.net/pokedex/grovyle
Sceptile,#0254,https://pokemondb.net/pokedex/sceptile
Torchic,#0255,https://pokemondb.net/pokedex/torchic
Combusken,#0256,https://pokemondb.net/pokedex/combusken
Blaziken,#0257,https://pokemondb.net/pokedex/blaziken
Mudkip,#0258,https://pokemondb.net/pokedex/mudkip
Marshtomp,#0259,https://pokemondb.net/pokedex/marshtomp
Swampert,#0260,https://pokemondb.net/pokedex/swampert
Poochyena,#0261,https://pokemondb.net/pokedex/poochyena
Mightyena,#0262,https://pokemondb.net/pokedex/mightyena
Zigzagoon,#0263,https://pokemondb.net/pokedex/zigzagoon
Linoone,#0264,https://pokemondb.net/pokedex/linoone
Wurmple,#0265,https://pokemondb.net/pokedex/wurmple
Silcoon,#0266,https://pokemondb.net/pokedex/silcoon
Beautifly,#0267,https://pokemondb.net/pokedex/beautifly
Cascoon,#0268,https://pokemondb.net/pokedex/cascoon
Dustox,#0269,https://pokemondb.net/pokedex/dustox
Lotad,#0270,https://pokemondb.net/pokedex/lotad
Lombre,#0271,https://pokemondb.net/pokedex/lombre
Ludicolo,#0272,https://pokemondb.net/pokedex/ludicolo
Seedot,#0273,https://pokemondb.net/pokedex/seedot
Nuzleaf,#0274,https://pokemondb.net/pokedex/nuzleaf
Shiftry,#0275,https://pokemondb.net/pokedex/shiftry
Taillow,#0276,https://pokemondb.net/pokedex/taillow
Swellow,#0277,https://pokemondb.net/pokedex/swellow
Wingull,#0278,https://pokemondb.net/pokedex/wingull
Pelipper,#0279,https://pokemondb.net/pokedex/pelipper
Ralts,#0280,https://pokemondb.net/pokedex/ralts
Kirlia,#0281,https://pokemondb.net/pokedex/kirlia
Gardevoir,#0282,https://pokemondb.net/pokedex/gardevoir
Surskit,#0283,https://pokemondb.net/pokedex/surskit
Masquerain,#0284,https://pokemondb.net/pokedex/masquerain
Shroomish,#0285,https://pokemondb.net/pokedex/shroomish
Breloom,#0286,https://pokemondb.net/pokedex/breloom
Slakoth,#0287,https://pokemondb.net/pokedex/slakoth
Vigoroth,#0288,https://pokemondb.net/pokedex/vigoroth
Slaking,#0289,https://pokemondb.net/pokedex/slaking
Nincada,#0290,https://pokemondb.net/pokedex/nincada
Ninjask,#0291,https://pokemondb.net/pokedex/ninjask
Shedinja,#0292,https://pokemondb.net/pokedex/shedinja
Whismur,#0293,https://pokemondb.net/pokedex/whismur
Loudred,#0294,https://pokemondb.net/pokedex/loudred
Exploud,#0295,https://pokemondb.net/pokedex/exploud
Makuhita,#0296,https://pokemondb.net/pokedex/makuhita
Hariyama,#0297,https://pokemondb.net/pokedex/hariyama
Azurill,#0298,https://pokemondb.net/pokedex/azurill
Nosepass,#0299,https://pokemondb.net/pokedex/nosepass
Skitty,#0300,https://pokemondb.net/pokedex/skitty
Delcatty,#0301,https://pokemondb.net/pokedex/delcatty
Sableye,#0302,https://pokemondb.net/pokedex/sableye
Mawile,#0303,https://pokemondb.net/pokedex/mawile
Aron,#0304,https://pokemondb.net/pokedex/aron
Lairon,#0305,https://pokemondb.net/pokedex/lairon
Aggron,#0306,https://pokemondb.net/pokedex/aggron
Meditite,#0307,https://pokemondb.net/pokedex/meditite
Medicham,#0308,https://pokemondb.net/pokedex/medicham
Electrike,#0309,https://pokemondb.net/pokedex/electrike
Manectric,#0310,https://pokemondb.net/pokedex/manectric
Plusle,#0311,https://pokemondb.net/pokedex/plusle
Minun,#0312,https://pokemondb.net/pokedex/minun
Volbeat,#0313,https://pokemondb.net/pokedex/volbeat
Illumise,#0314,https://pokemondb.net/pokedex/illumise
Roselia,#0315,https://pokemondb.net/pokedex/roselia
Gulpin,#0316,https://pokemondb.net/pokedex/gulpin
Swalot,#0317,https://pokemondb.net/pokedex/swalot
Carvanha,#0318,https://pokemondb.net/pokedex/carvanha
Sharpedo,#0319,https://pokemondb.net/pokedex/sharpedo
Wailmer,#0320,https://pokemondb.net/pokedex/wailmer
Wailord,#0321,https://pokemondb.net/pokedex/wailord
Numel,#0322,https://pokemondb.net/pokedex/numel
Camerupt,#0323,https://pokemondb.net/pokedex/camerupt
Torkoal,#0324,https://pokemondb.net/pokedex/torkoal
Spoink,#0325,https://pokemondb.net/pokedex/spoink
Grumpig,#0326,https://pokemondb.net/pokedex/grumpig
Spinda,#0327,https://pokemondb.net/pokedex/spinda
Trapinch,#0328,https://pokemondb.net/pokedex/trapinch
Vibrava,#0329,https://pokemondb.net/pokedex/vibrava
Flygon,#0330,https://pokemondb.net/pokedex/flygon
Cacnea,#0331,https://pokemondb.net/pokedex/cacnea
Cacturne,#0332,https://pokemondb.net/pokedex/cacturne
Swablu,#0333,https://pokemondb.net/pokedex/swablu
Altaria,#0334,https://pokemondb.net/pokedex/altaria
Zangoose,#0335,https://pokemondb.net/pokedex/zangoose
Seviper,#0336,https://pokemondb.net/pokedex/seviper
Lunatone,#0337,https://pokemondb.net/pokedex/lunatone
Solrock,#0338,https://pokemondb.net/pokedex/solrock
Barboach,#0339,https://pokemondb.net/pokedex/barboach
Whiscash,#0340,https://pokemondb.net/pokedex/whiscash
Corphish,#0341,https://pokemondb.net/pokedex/corphish
Crawdaunt,#0342,https://pokemondb.net/pokedex/crawdaunt
Baltoy,#0343,https://pokemondb.net/pokedex/baltoy
Claydol,#0344,https://pokemondb.net/pokedex/claydol
Lileep,#0345,https://pokemondb.net/pokedex/lileep
Cradily,#0346,https://pokemondb.net/pokedex/cradily
Anorith,#0347,https://pokemondb.net/pokedex/anorith
Armaldo,#0348,https://pokemondb.net/pokedex/armaldo
Feebas,#0349,https://pokemondb.net/pokedex/feebas
Milotic,#0350,https://pokemondb.net/pokedex/milotic
Castform,#0351,https://pokemondb.net/pokedex/castform
Kecleon,#0352,https://pokemondb.net/pokedex/kecleon
Shuppet,#0353,https://pokemondb.net/pokedex/shuppet
Banette,#0354,https://pokemondb.net/pokedex/banette
Duskull,#0355,https://pokemondb.net/pokedex/duskull
Dusclops,#0356,https://pokemondb.net/pokedex/dusclops
Tropius,#0357,https://pokemondb.net/pokedex/tropius
Chimecho,#0358,https://pokemondb.net/pokedex/chimecho
Absol,#0359,https://pokemondb.net/pokedex/absol
Wynaut,#0360,https://pokemondb.net/pokedex/wynaut
Snorunt,#0361,https://pokemondb.net/pokedex/snorunt
Glalie,#0362,https://pokemondb.net/pokedex/glalie
Spheal,#0363,https://pokemondb.net/pokedex/spheal
Sealeo,#0364,https://pokemondb.net/pokedex/sealeo
Walrein,#0365,https://pokemondb.net/pokedex/walrein
Clamperl,#0366,https://pokemondb.net/pokedex/clamperl
Huntail,#0367,https://pokemondb.net/pokedex/huntail
Gorebyss,#0368,https://pokemondb.net/pokedex/gorebyss
Relicanth,#0369,https://pokemondb.net/pokedex/relicanth
Luvdisc,#0370,https://pokemondb.net/pokedex/luvdisc
Bagon,#0371,https://pokemondb.net/pokedex/bagon
Shelgon,#0372,https://pokemondb.net/pokedex/shelgon
Salamence,#0373,https://pokemondb.net/pokedex/salamence
Beldum,#0374,https://pokemondb.net/pokedex/beldum
Metang,#0375,https://pokemondb.net/pokedex/metang
Metagross,#0376,https://pokemondb.net/pokedex/metagross
Regirock,#0377,https://pokemondb.net/pokedex/regirock
Regice,#0378,https://pokemondb.net/pokedex/regice
Registeel,#0379,https://pokemondb.net/pokedex/registeel
Latias,#0380,https://pokemondb.net/pokedex/latias
Latios,#0381,https://pokemondb.net/pokedex/latios
Kyogre,#0382,https://pokemondb.net/pokedex/kyogre
Groudon,#0383,https://pokemondb.net/pokedex/groudon
Rayquaza,#0384,https://pokemondb.net/pokedex/rayquaza
Jirachi,#0385,https://pokemondb.net/pokedex/jirachi
Deoxys,#0386,https://pokemondb.net/pokedex/deoxys
Turtwig,#0387,https://pokemondb.net/pokedex/turtwig
Grotle,#0388,https://pokemondb.net/pokedex/grotle
Torterra,#0389,https://pokemondb.net/pokedex/torterra
Chimchar,#0390,https://pokemondb.net/pokedex/chimchar
Monferno,#0391,https://pokemondb.net/pokedex/monferno
Infernape,#0392,https://pokemondb.net/pokedex/infernape
Piplup,#0393,https://pokemondb.net/pokedex/piplup
Prinplup,#0394,https://pokemondb.net/pokedex/prinplup
Empoleon,#0395,https://pokemondb.net/pokedex/empoleon
Starly,#0396,https://pokemondb.net/pokedex/starly
Staravia,#0397,https://pokemondb.net/pokedex/staravia
Staraptor,#0398,https://pokemondb.net/pokedex/staraptor
Bidoof,#0399,https://pokemondb.net/pokedex/bidoof
Bibarel,#0400,https://pokemondb.net/pokedex/bibarel
Kricketot,#0401,https://pokemondb.net/pokedex/kricketot
Kricketune,#0402,https://pokemondb.net/pokedex/kricketune
Shinx,#0403,https://pokemondb.net/pokedex/shinx
Luxio,#0404,https://pokemondb.net/pokedex/luxio
Luxray,#0405,https://pokemondb.net/pokedex/luxray
Budew,#0406,https://pokemondb.net/pokedex/budew
Roserade,#0407,https://pokemondb.net/pokedex/roserade
Cranidos,#0408,https://pokemondb.net/pokedex/cranidos
Rampardos,#0409,https://pokemondb.net/pokedex/rampardos
Shieldon,#0410,https://pokemondb.net/pokedex/shieldon
Bastiodon,#0411,https://pokemondb.net/pokedex/bastiodon
Burmy,#0412,https://pokemondb.net/pokedex/burmy
Wormadam,#0413,https://pokemondb.net/pokedex/wormadam
Mothim,#0414,https://pokemondb.net/pokedex/mothim
Combee,#0415,https://pokemondb.net/pokedex/combee
Vespiquen,#0416,https://pokemondb.net/pokedex/vespiquen
Pachirisu,#0417,https://pokemondb.net/pokedex/pachirisu
Buizel,#0418,https://pokemondb.net/pokedex/buizel
Floatzel,#0419,https://pokemondb.net/pokedex/floatzel
Cherubi,#0420,https://pokemondb.net/pokedex/cherubi
Cherrim,#0421,https://pokemondb.net/pokedex/cherrim
Shellos,#0422,https://pokemondb.net/pokedex/shellos
Gastrodon,#0423,https://pokemondb.net/pokedex/gastrodon
Ambipom,#0424,https://pokemondb.net/pokedex/ambipom
Drifloon,#0425,https://pokemondb.net/pokedex/drifloon
Drifblim,#0426,https://pokemondb.net/pokedex/drifblim
Buneary,#0427,https://pokemondb.net/pokedex/buneary
Lopunny,#0428,https://pokemondb.net/pokedex/lopunny
Mismagius,#0429,https://pokemondb.net/pokedex/mismagius
Honchkrow,#0430,https://pokemondb.net/pokedex/honchkrow
Glameow,#0431,https://pokemondb.net/pokedex/glameow
Purugly,#0432,https://pokemondb.net/pokedex/purugly
Chingling,#0433,https://pokemondb.net/pokedex/chingling
Stunky,#0434,https://pokemondb.net/pokedex/stunky
Skuntank,#0435,https://pokemondb.net/pokedex/skuntank
Bronzor,#0436,https://pokemondb.net/pokedex/bronzor
Bronzong,#0437,https://pokemondb.net/pokedex/bronzong
Bonsly,#0438,https://pokemondb.net/pokedex/bonsly
Mime Jr.,#0439,https://pokemondb.net/pokedex/mime-jr
Happiny,#0440,https://pokemondb.net/pokedex/happiny
Chatot,#0441,https://pokemondb.net/pokedex/chatot
Spiritomb,#0442,https://pokemondb.net/pokedex/spiritomb
Gible,#0443,https://pokemondb.net/pokedex/gible
Gabite,#0444,https://pokemondb.net/pokedex/gabite
Garchomp,#0445,https://pokemondb.net/pokedex/garchomp
Munchlax,#0446,https://pokemondb.net/pokedex/munchlax
Riolu,#0447,https://pokemondb.net/pokedex/riolu
Lucario,#0448,https://pokemondb.net/pokedex/lucario
Hippopotas,#0449,https://pokemondb.net/pokedex/hippopotas
Hippowdon,#0450,https://pokemondb.net/pokedex/hippowdon
Skorupi,#0451,https://pokemondb.net/pokedex/skorupi
Drapion,#0452,https://pokemondb.net/pokedex/drapion
Croagunk,#0453,https://pokemondb.net/pokedex/croagunk
Toxicroak,#0454,https://pokemondb.net/pokedex/toxicroak
Carnivine,#0455,https://pokemondb.net/pokedex/carnivine
Finneon,#0456,https://pokemondb.net/pokedex/finneon
Lumineon,#0457,https://pokemondb.net/pokedex/lumineon
Mantyke,#0458,https://pokemondb.net/pokedex/mantyke
Snover,#0459,https://pokemondb.net/pokedex/snover
Abomasnow,#0460,https://pokemondb.net/pokedex/abomasnow
Weavile,#0461,https://pokemondb.net/pokedex/weavile
Magnezone,#0462,https://pokemondb.net/pokedex/magnezone
Lickilicky,#0463,https://pokemondb.net/pokedex/lickilicky
Rhyperior,#0464,https://pokemondb.net/pokedex/rhyperior
Tangrowth,#0465,https://pokemondb.net/pokedex/tangrowth
Electivire,#0466,https://pokemondb.net/pokedex/electivire
Magmortar,#0467,https://pokemondb.net/pokedex/magmortar
Togekiss,#0468,https://pokemondb.net/pokedex/togekiss
Yanmega,#0469,https://pokemondb.net/pokedex/yanmega
Leafeon,#0470,https://pokemondb.net/pokedex/leafeon
Glaceon,#0471,https://pokemondb.net/pokedex/glaceon
Gliscor,#0472,https://pokemondb.net/pokedex/gliscor
Mamoswine,#0473,https://pokemondb.net/pokedex/mamoswine
Porygon-Z,#0474,https://pokemondb.net/pokedex/porygon-z
Gallade,#0475,https://pokemondb.net/pokedex/gallade
Probopass,#0476,https://pokemondb.net/pokedex/probopass
Dusknoir,#0477,https://pokemondb.net/pokedex/dusknoir
Froslass,#0478,https://pokemondb.net/pokedex/froslass
Rotom,#0479,https://pokemondb.net/pokedex/rotom
Uxie,#0480,https://pokemondb.net/pokedex/uxie
Mesprit,#0481,https://pokemondb.net/pokedex/mesprit
Azelf,#0482,https://pokemondb.net/pokedex/azelf
Dialga,#0483,https://pokemondb.net/pokedex/dialga
Palkia,#0484,https://pokemondb.net/pokedex/palkia
Heatran,#0485,https://pokemondb.net/pokedex/heatran
Regigigas,#0486,https://pokemondb.net/pokedex/regigigas
Giratina,#0487,https://pokemondb.net/pokedex/giratina
Cresselia,#0488,https://pokemondb.net/pokedex/cresselia
Phione,#0489,https://pokemondb.net/pokedex/phione
Manaphy,#0490,https://pokemondb.net/pokedex/manaphy
Darkrai,#0491,https://pokemondb.net/pokedex/darkrai
Shaymin,#0492,https://pokemondb.net/pokedex/shaymin
Arceus,#0493,https://pokemondb.net/pokedex/arceus
Victini,#0494,https://pokemondb.net/pokedex/victini
Snivy,#0495,https://pokemondb.net/pokedex/snivy
Servine,#0496,https://pokemondb.net/pokedex/servine
Serperior,#0497,https://pokemondb.net/pokedex/serperior
Tepig,#0498,https://pokemondb.net/pokedex/tepig
Pignite,#0499,https://pokemondb.net/pokedex/pignite
Emboar,#0500,https://pokemondb.net/pokedex/emboar
Oshawott,#0501,https://pokemondb.net/pokedex/oshawott
Dewott,#0502,https://pokemondb.net/pokedex/dewott
Samurott,#0503,https://pokemondb.net/pokedex/samurott
Patrat,#0504,https://pokemondb.net/pokedex/patrat
Watchog,#0505,https://pokemondb.net/pokedex/watchog
Lillipup,#0506,https://pokemondb.net/pokedex/lillipup
Herdier,#0507,https://pokemondb.net/pokedex/herdier
Stoutland,#0508,https://pokemondb.net/pokedex/stoutland
Purrloin,#0509,https://pokemondb.net/pokedex/purrloin
Liepard,#0510,https://pokemondb.net/pokedex/liepard
Pansage,#0511,https://pokemondb.net/pokedex/pansage
Simisage,#0512,https://pokemondb.net/pokedex/simisage
Pansear,#0513,https://pokemondb.net/pokedex/pansear
Simisear,#0514,https://pokemondb.net/pokedex/simisear
Panpour,#0515,https://pokemondb.net/pokedex/panpour
Simipour,#0516,https://pokemondb.net/pokedex/simipour
Munna,#0517,https://pokemondb.net/pokedex/munna
Musharna,#0518,https://pokemondb.net/pokedex/musharna
Pidove,#0519,https://pokemondb.net/pokedex/pidove
Tranquill,#0520,https://pokemondb.net/pokedex/tranquill
Unfezant,#0521,https://pokemondb.net/pokedex/unfezant
Blitzle,#0522,https://pokemondb.net/pokedex/blitzle
Zebstrika,#0523,https://pokemondb.net/pokedex/zebstrika
Roggenrola,#0524,https://pokemondb.net/pokedex/roggenrola
Boldore,#0525,https://pokemondb.net/pokedex/boldore
Gigalith,#0526,https://pokemondb.net/pokedex/gigalith
Woobat,#0527,https://pokemondb.net/pokedex/woobat
Swoobat,#0528,https://pokemondb.net/pokedex/swoobat
Drilbur,#0529,https://pokemondb.net/pokedex/drilbur
Excadrill,#0530,https://pokemondb.net/pokedex/excadrill
Audino,#0531,https://pokemondb.net/pokedex/audino
Timburr,#0532,https://pokemondb.net/pokedex/timburr
Gurdurr,#0533,https://pokemondb.net/pokedex/gurdurr
Conkeldurr,#0534,https://pokemondb.net/pokedex/conkeldurr
Tympole,#0535,https://pokemondb.net/pokedex/tympole
Palpitoad,#0536,https://pokemondb.net/pokedex/palpitoad
Seismitoad,#0537,https://pokemondb.net/pokedex/seismitoad
Throh,#0538,https://pokemondb.net/pokedex/throh
Sawk,#0539,https://pokemondb.net/pokedex/sawk
Sewaddle,#0540,https://pokemondb.net/pokedex/sewaddle
Swadloon,#0541,https://pokemondb.net/pokedex/swadloon
Leavanny,#0542,https://pokemondb.net/pokedex/leavanny
Venipede,#0543,https://pokemondb.net/pokedex/venipede
Whirlipede,#0544,https://pokemondb.net/pokedex/whirlipede
Scolipede,#0545,https://pokemondb.net/pokedex/scolipede
Cottonee,#0546,https://pokemondb.net/pokedex/cottonee
Whimsicott,#0547,https://pokemondb.net/pokedex/whimsicott
Petilil,#0548,https://pokemondb.net/pokedex/petilil
Lilligant,#0549,https://pokemondb.net/pokedex/lilligant
Basculin,#0550,https://pokemondb.net/pokedex/basculin
Sandile,#0551,https://pokemondb.net/pokedex/sandile
Krokorok,#0552,https://pokemondb.net/pokedex/krokorok
Krookodile,#0553,https://pokemondb.net/pokedex/krookodile
Darumaka,#0554,https://pokemondb.net/pokedex/darumaka
Darmanitan,#0555,https://pokemondb.net/pokedex/darmanitan
Maractus,#0556,https://pokemondb.net/pokedex/maractus
Dwebble,#0557,https://pokemondb.net/pokedex/dwebble
Crustle,#0558,https://pokemondb.net/pokedex/crustle
Scraggy,#0559,https://pokemondb.net/pokedex/scraggy
Scrafty,#0560,https://pokemondb.net/pokedex/scrafty
Sigilyph,#0561,https://pokemondb.net/pokedex/sigilyph
Yamask,#0562,https://pokemondb.net/pokedex/yamask
Cofagrigus,#0563,https://pokemondb.net/pokedex/cofagrigus
Tirtouga,#0564,https://pokemondb.net/pokedex/tirtouga
Carracosta,#0565,https://pokemondb.net/pokedex/carracosta
Archen,#0566,https://pokemondb.net/pokedex/archen
Archeops,#0567,https://pokemondb.net/pokedex/archeops
Trubbish,#0568,https://pokemondb.net/pokedex/trubbish
Garbodor,#0569,https://pokemondb.net/pokedex/garbodor
Zorua,#0570,https://pokemondb.net/pokedex/zorua
Zoroark,#0571,https://pokemondb.net/pokedex/zoroark
Minccino,#0572,https://pokemondb.net/pokedex/minccino
Cinccino,#0573,https://pokemondb.net/pokedex/cinccino
Gothita,#0574,https://pokemondb.net/pokedex/gothita
Gothorita,#0575,https://pokemondb.net/pokedex/gothorita
Gothitelle,#0576,https://pokemondb.net/pokedex/gothitelle
Solosis,#0577,https://pokemondb.net/pokedex/solosis
Duosion,#0578,https://pokemondb.net/pokedex/duosion
Reuniclus,#0579,https://pokemondb.net/pokedex/reuniclus
Ducklett,#0580,https://pokemondb.net/pokedex/ducklett
Swanna,#0581,https://pokemondb.net/pokedex/swanna
Vanillite,#0582,https://pokemondb.net/pokedex/vanillite
Vanillish,#0583,https://pokemondb.net/pokedex/vanillish
Vanilluxe,#0584,https://pokemondb.net/pokedex/vanilluxe
Deerling,#0585,https://pokemondb.net/pokedex/deerling
Sawsbuck,#0586,https://pokemondb.net/pokedex/sawsbuck
Emolga,#0587,https://pokemondb.net/pokedex/emolga
Karrablast,#0588,https://pokemondb.net/pokedex/karrablast
Escavalier,#0589,https://pokemondb.net/pokedex/escavalier
Foongus,#0590,https://pokemondb.net/pokedex/foongus
Amoonguss,#0591,https://pokemondb.net/pokedex/amoonguss
Frillish,#0592,https://pokemondb.net/pokedex/frillish
Jellicent,#0593,https://pokemondb.net/pokedex/jellicent
Alomomola,#0594,https://pokemondb.net/pokedex/alomomola
Joltik,#0595,https://pokemondb.net/pokedex/joltik
Galvantula,#0596,https://pokemondb.net/pokedex/galvantula
Ferroseed,#0597,https://pokemondb.net/pokedex/ferroseed
Ferrothorn,#0598,https://pokemondb.net/pokedex/ferrothorn
Klink,#0599,https://pokemondb.net/pokedex/klink
Klang,#0600,https://pokemondb.net/pokedex/klang
Klinklang,#0601,https://pokemondb.net/pokedex/klinklang
Tynamo,#0602,https://pokemondb.net/pokedex/tynamo
Eelektrik,#0603,https://pokemondb.net/pokedex/eelektrik
Eelektross,#0604,https://pokemondb.net/pokedex/eelektross
Elgyem,#0605,https://pokemondb.net/pokedex/elgyem
Beheeyem,#0606,https://pokemondb.net/pokedex/beheeyem
Litwick,#0607,https://pokemondb.net/pokedex/litwick
Lampent,#0608,https://pokemondb.net/pokedex/lampent
Chandelure,#0609,https://pokemondb.net/pokedex/chandelure
Axew,#0610,https://pokemondb.net/pokedex/axew
Fraxure,#0611,https://pokemondb.net/pokedex/fraxure
Haxorus,#0612,https://pokemondb.net/pokedex/haxorus
Cubchoo,#0613,https://pokemondb.net/pokedex/cubchoo
Beartic,#0614,https://pokemondb.net/pokedex/beartic
Cryogonal,#0615,https://pokemondb.net/pokedex/cryogonal
Shelmet,#0616,https://pokemondb.net/pokedex/shelmet
Accelgor,#0617,https://pokemondb.net/pokedex/accelgor
Stunfisk,#0618,https://pokemondb.net/pokedex/stunfisk
Mienfoo,#0619,https://pokemondb.net/pokedex/mienfoo
Mienshao,#0620,https://pokemondb.net/pokedex/mienshao
Druddigon,#0621,https://pokemondb.net/pokedex/druddigon
Golett,#0622,https://pokemondb.net/pokedex/golett
Golurk,#0623,https://pokemondb.net/pokedex/golurk
Pawniard,#0624,https://pokemondb.net/pokedex/pawniard
Bisharp,#0625,https://pokemondb.net/pokedex/bisharp
Bouffalant,#0626,https://pokemondb.net/pokedex/bouffalant
Rufflet,#0627,https://pokemondb.net/pokedex/rufflet
Braviary,#0628,https://pokemondb.net/pokedex/braviary
Vullaby,#0629,https://pokemondb.net/pokedex/vullaby
Mandibuzz,#0630,https://pokemondb.net/pokedex/mandibuzz
Heatmor,#0631,https://pokemondb.net/pokedex/heatmor
Durant,#0632,https://pokemondb.net/pokedex/durant
Deino,#0633,https://pokemondb.net/pokedex/deino
Zweilous,#0634,https://pokemondb.net/pokedex/zweilous
Hydreigon,#0635,https://pokemondb.net/pokedex/hydreigon
Larvesta,#0636,https://pokemondb.net/pokedex/larvesta
Volcarona,#0637,https://pokemondb.net/pokedex/volcarona
Cobalion,#0638,https://pokemondb.net/pokedex/cobalion
Terrakion,#0639,https://pokemondb.net/pokedex/terrakion
Virizion,#0640,https://pokemondb.net/pokedex/virizion
Tornadus,#0641,https://pokemondb.net/pokedex/tornadus
Thundurus,#0642,https://pokemondb.net/pokedex/thundurus
Reshiram,#0643,https://pokemondb.net/pokedex/reshiram
Zekrom,#0644,https://pokemondb.net/pokedex/zekrom
Landorus,#0645,https://pokemondb.net/pokedex/landorus
Kyurem,#0646,https://pokemondb.net/pokedex/kyurem
Keldeo,#0647,https://pokemondb.net/pokedex/keldeo
Meloetta,#0648,https://pokemondb.net/pokedex/meloetta
Genesect,#0649,https://pokemondb.net/pokedex/genesect
Chespin,#0650,https://pokemondb.net/pokedex/chespin
Quilladin,#0651,https://pokemondb.net/pokedex/quilladin
Chesnaught,#0652,https://pokemondb.net/pokedex/chesnaught
Fennekin,#0653,https://pokemondb.net/pokedex/fennekin
Braixen,#0654,https://pokemondb.net/pokedex/braixen
Delphox,#0655,https://pokemondb.net/pokedex/delphox
Froakie,#0656,https://pokemondb.net/pokedex/froakie
Frogadier,#0657,https://pokemondb.net/pokedex/frogadier
Greninja,#0658,https://pokemondb.net/pokedex/greninja
Bunnelby,#0659,https://pokemondb.net/pokedex/bunnelby
Diggersby,#0660,https://pokemondb.net/pokedex/diggersby
Fletchling,#0661,https://pokemondb.net/pokedex/fletchling
Fletchinder,#0662,https://pokemondb.net/pokedex/fletchinder
Talonflame,#0663,https://pokemondb.net/pokedex/talonflame
Scatterbug,#0664,https://pokemondb.net/pokedex/scatterbug
Spewpa,#0665,https://pokemondb.net/pokedex/spewpa
Vivillon,#0666,https://pokemondb.net/pokedex/vivillon
Litleo,#0667,https://pokemondb.net/pokedex/litleo
Pyroar,#0668,https://pokemondb.net/pokedex/pyroar
Flabébé,#0669,https://pokemondb.net/pokedex/flabebe
Floette,#0670,https://pokemondb.net/pokedex/floette
Florges,#0671,https://pokemondb.net/pokedex/florges
Skiddo,#0672,https://pokemondb.net/pokedex/skiddo
Gogoat,#0673,https://pokemondb.net/pokedex/gogoat
Pancham,#0674,https://pokemondb.net/pokedex/pancham
Pangoro,#0675,https://pokemondb.net/pokedex/pangoro
Furfrou,#0676,https://pokemondb.net/pokedex/furfrou
Espurr,#0677,https://pokemondb.net/pokedex/espurr
Meowstic,#0678,https://pokemondb.net/pokedex/meowstic
Honedge,#0679,https://pokemondb.net/pokedex/honedge
Doublade,#0680,https://pokemondb.net/pokedex/doublade
Aegislash,#0681,https://pokemondb.net/pokedex/aegislash
Spritzee,#0682,https://pokemondb.net/pokedex/spritzee
Aromatisse,#0683,https://pokemondb.net/pokedex/aromatisse
Swirlix,#0684,https://pokemondb.net/pokedex/swirlix
Slurpuff,#0685,https://pokemondb.net/pokedex/slurpuff
Inkay,#0686,https://pokemondb.net/pokedex/inkay
Malamar,#0687,https://pokemondb.net/pokedex/malamar
Binacle,#0688,https://pokemondb.net/pokedex/binacle
Barbaracle,#0689,https://pokemondb.net/pokedex/barbaracle
Skrelp,#0690,https://pokemondb.net/pokedex/skrelp
Dragalge,#0691,https://pokemondb.net/pokedex/dragalge
Clauncher,#0692,https://pokemondb.net/pokedex/clauncher
Clawitzer,#0693,https://pokemondb.net/pokedex/clawitzer
Helioptile,#0694,https://pokemondb.net/pokedex/helioptile
Heliolisk,#0695,https://pokemondb.net/pokedex/heliolisk
Tyrunt,#0696,https://pokemondb.net/pokedex/tyrunt
Tyrantrum,#0697,https://pokemondb.net/pokedex/tyrantrum
Amaura,#0698,https://pokemondb.net/pokedex/amaura
Aurorus,#0699,https://pokemondb.net/pokedex/aurorus
Sylveon,#0700,https://pokemondb.net/pokedex/sylveon
Hawlucha,#0701,https://pokemondb.net/pokedex/hawlucha
Dedenne,#0702,https://pokemondb.net/pokedex/dedenne
Carbink,#0703,https://pokemondb.net/pokedex/carbink
Goomy,#0704,https://pokemondb.net/pokedex/goomy
Sliggoo,#0705,https://pokemondb.net/pokedex/sliggoo
Goodra,#0706,https://pokemondb.net/pokedex/goodra
Klefki,#0707,https://pokemondb.net/pokedex/klefki
Phantump,#0708,https://pokemondb.net/pokedex/phantump
Trevenant,#0709,https://pokemondb.net/pokedex/trevenant
Pumpkaboo,#0710,https://pokemondb.net/pokedex/pumpkaboo
Gourgeist,#0711,https://pokemondb.net/pokedex/gourgeist
Bergmite,#0712,https://pokemondb.net/pokedex/bergmite
Avalugg,#0713,https://pokemondb.net/pokedex/avalugg
Noibat,#0714,https://pokemondb.net/pokedex/noibat
Noivern,#0715,https://pokemondb.net/pokedex/noivern
Xerneas,#0716,https://pokemondb.net/pokedex/xerneas
Yveltal,#0717,https://pokemondb.net/pokedex/yveltal
Zygarde,#0718,https://pokemondb.net/pokedex/zygarde
Diancie,#0719,https://pokemondb.net/pokedex/diancie
Hoopa,#0720,https://pokemondb.net/pokedex/hoopa
Volcanion,#0721,https://pokemondb.net/pokedex/volcanion
Rowlet,#0722,https://pokemondb.net/pokedex/rowlet
Dartrix,#0723,https://pokemondb.net/pokedex/dartrix
Decidueye,#0724,https://pokemondb.net/pokedex/decidueye
Litten,#0725,https://pokemondb.net/pokedex/litten
Torracat,#0726,https://pokemondb.net/pokedex/torracat
Incineroar,#0727,https://pokemondb.net/pokedex/incineroar
Popplio,#0728,https://pokemondb.net/pokedex/popplio
Brionne,#0729,https://pokemondb.net/pokedex/brionne
Primarina,#0730,https://pokemondb.net/pokedex/primarina
Pikipek,#0731,https://pokemondb.net/pokedex/pikipek
Trumbeak,#0732,https://pokemondb.net/pokedex/trumbeak
Toucannon,#0733,https://pokemondb.net/pokedex/toucannon
Yungoos,#0734,https://pokemondb.net/pokedex/yungoos
Gumshoos,#0735,https://pokemondb.net/pokedex/gumshoos
Grubbin,#0736,https://pokemondb.net/pokedex/grubbin
Charjabug,#0737,https://pokemondb.net/pokedex/charjabug
Vikavolt,#0738,https://pokemondb.net/pokedex/vikavolt
Crabrawler,#0739,https://pokemondb.net/pokedex/crabrawler
Crabominable,#0740,https://pokemondb.net/pokedex/crabominable
Oricorio,#0741,https://pokemondb.net/pokedex/oricorio
Cutiefly,#0742,https://pokemondb.net/pokedex/cutiefly
Ribombee,#0743,https://pokemondb.net/pokedex/ribombee
Rockruff,#0744,https://pokemondb.net/pokedex/rockruff
Lycanroc,#0745,https://pokemondb.net/pokedex/lycanroc
Wishiwashi,#0746,https://pokemondb.net/pokedex/wishiwashi
Mareanie,#0747,https://pokemondb.net/pokedex/mareanie
Toxapex,#0748,https://pokemondb.net/pokedex/toxapex
Mudbray,#0749,https://pokemondb.net/pokedex/mudbray
Mudsdale,#0750,https://pokemondb.net/pokedex/mudsdale
Dewpider,#0751,https://pokemondb.net/pokedex/dewpider
Araquanid,#0752,https://pokemondb.net/pokedex/araquanid
Fomantis,#0753,https://pokemondb.net/pokedex/fomantis
Lurantis,#0754,https://pokemondb.net/pokedex/lurantis
Morelull,#0755,https://pokemondb.net/pokedex/morelull
Shiinotic,#0756,https://pokemondb.net/pokedex/shiinotic
Salandit,#0757,https://pokemondb.net/pokedex/salandit
Salazzle,#0758,https://pokemondb.net/pokedex/salazzle
Stufful,#0759,https://pokemondb.net/pokedex/stufful
Bewear,#0760,https://pokemondb.net/pokedex/bewear
Bounsweet,#0761,https://pokemondb.net/pokedex/bounsweet
Steenee,#0762,https://pokemondb.net/pokedex/steenee
Tsareena,#0763,https://pokemondb.net/pokedex/tsareena
Comfey,#0764,https://pokemondb.net/pokedex/comfey
Oranguru,#0765,https://pokemondb.net/pokedex/oranguru
Passimian,#0766,https://pokemondb.net/pokedex/passimian
Wimpod,#0767,https://pokemondb.net/pokedex/wimpod
Golisopod,#0768,https://pokemondb.net/pokedex/golisopod
Sandygast,#0769,https://pokemondb.net/pokedex/sandygast
Palossand,#0770,https://pokemondb.net/pokedex/palossand
Pyukumuku,#0771,https://pokemondb.net/pokedex/pyukumuku
Type: Null,#0772,https://pokemondb.net/pokedex/type-null
Silvally,#0773,https://pokemondb.net/pokedex/silvally
Minior,#0774,https://pokemondb.net/pokedex/minior
Komala,#0775,https://pokemondb.net/pokedex/komala
Turtonator,#0776,https://pokemondb.net/pokedex/turtonator
Togedemaru,#0777,https://pokemondb.net/pokedex/togedemaru
Mimikyu,#0778,https://pokemondb.net/pokedex/mimikyu
Bruxish,#0779,https://pokemondb.net/pokedex/bruxish
Drampa,#0780,https://pokemondb.net/pokedex/drampa
Dhelmise,#0781,https://pokemondb.net/pokedex/dhelmise
Jangmo-o,#0782,https://pokemondb.net/pokedex/jangmo-o
Hakamo-o,#0783,https://pokemondb.net/pokedex/hakamo-o
Kommo-o,#0784,https://pokemondb.net/pokedex/kommo-o
Tapu Koko,#0785,https://pokemondb.net/pokedex/tapu-koko
Tapu Lele,#0786,https://pokemondb.net/pokedex/tapu-lele
Tapu Bulu,#0787,https://pokemondb.net/pokedex/tapu-bulu
Tapu Fini,#0788,https://pokemondb.net/pokedex/tapu-fini
Cosmog,#0789,https://pokemondb.net/pokedex/cosmog
Cosmoem,#0790,https://pokemondb.net/pokedex/cosmoem
Solgaleo,#0791,https://pokemondb.net/pokedex/solgaleo
Lunala,#0792,https://pokemondb.net/pokedex/lunala
Nihilego,#0793,https://pokemondb.net/pokedex/nihilego
Buzzwole,#0794,https://pokemondb.net/pokedex/buzzwole
Pheromosa,#0795,https://pokemondb.net/pokedex/pheromosa
Xurkitree,#0796,https://pokemondb.net/pokedex/xurkitree
Celesteela,#0797,https://pokemondb.net/pokedex/celesteela
Kartana,#0798,https://pokemondb.net/pokedex/kartana
Guzzlord,#0799,https://pokemondb.net/pokedex/guzzlord
Necrozma,#0800,https://pokemondb.net/pokedex/necrozma
Magearna,#0801,https://pokemondb.net/pokedex/magearna
Marshadow,#0802,https://pokemondb.net/pokedex/marshadow
Poipole,#0803,https://pokemondb.net/pokedex/poipole
Naganadel,#0804,https://pokemondb.net/pokedex/naganadel
Stakataka,#0805,https://pokemondb.net/pokedex/stakataka
Blacephalon,#0806,https://pokemondb.net/pokedex/blacephalon
Zeraora,#0807,https://pokemondb.net/pokedex/zeraora
Meltan,#0808,https://pokemondb.net/pokedex/meltan
Melmetal,#0809,https://pokemondb.net/pokedex/melmetal
Grookey,#0810,https://pokemondb.net/pokedex/grookey
Thwackey,#0811,https://pokemondb.net/pokedex/thwackey
Rillaboom,#0812,https://pokemondb.net/pokedex/rillaboom
Scorbunny,#0813,https://pokemondb.net/pokedex/scorbunny
Raboot,#0814,https://pokemondb.net/pokedex/raboot
Cinderace,#0815,https://pokemondb.net/pokedex/cinderace
Sobble,#0816,https://pokemondb.net/pokedex/sobble
Drizzile,#0817,https://pokemondb.net/pokedex/drizzile
Inteleon,#0818,https://pokemondb.net/pokedex/inteleon
Skwovet,#0819,https://pokemondb.net/pokedex/skwovet
Greedent,#0820,https://pokemondb.net/pokedex/greedent
Rookidee,#0821,https://pokemondb.net/pokedex/rookidee
Corvisquire,#0822,https://pokemondb.net/pokedex/corvisquire
Corviknight,#0823,https://pokemondb.net/pokedex/corviknight
Blipbug,#0824,https://pokemondb.net/pokedex/blipbug
Dottler,#0825,https://pokemondb.net/pokedex/dottler
Orbeetle,#0826,https://pokemondb.net/pokedex/orbeetle
Nickit,#0827,https://pokemondb.net/pokedex/nickit
Thievul,#0828,https://pokemondb.net/pokedex/thievul
Gossifleur,#0829,https://pokemondb.net/pokedex/gossifleur
Eldegoss,#0830,https://pokemondb.net/pokedex/eldegoss
Wooloo,#0831,https://pokemondb.net/pokedex/wooloo
Dubwool,#0832,https://pokemondb.net/pokedex/dubwool
Chewtle,#0833,https://pokemondb.net/pokedex/chewtle
Drednaw,#0834,https://pokemondb.net/pokedex/drednaw
Yamper,#0835,https://pokemondb.net/pokedex/yamper
Boltund,#0836,https://pokemondb.net/pokedex/boltund
Rolycoly,#0837,https://pokemondb.net/pokedex/rolycoly
Carkol,#0838,https://pokemondb.net/pokedex/carkol
Coalossal,#0839,https://pokemondb.net/pokedex/coalossal
Applin,#0840,https://pokemondb.net/pokedex/applin
Flapple,#0841,https://pokemondb.net/pokedex/flapple
Appletun,#0842,https://pokemondb.net/pokedex/appletun
Silicobra,#0843,https://pokemondb.net/pokedex/silicobra
Sandaconda,#0844,https://pokemondb.net/pokedex/sandaconda
Cramorant,#0845,https://pokemondb.net/pokedex/cramorant
Arrokuda,#0846,https://pokemondb.net/pokedex/arrokuda
Barraskewda,#0847,https://pokemondb.net/pokedex/barraskewda
Toxel,#0848,https://pokemondb.net/pokedex/toxel
Toxtricity,#0849,https://pokemondb.net/pokedex/toxtricity
Sizzlipede,#0850,https://pokemondb.net/pokedex/sizzlipede
Centiskorch,#0851,https://pokemondb.net/pokedex/centiskorch
Clobbopus,#0852,https://pokemondb.net/pokedex/clobbopus
Grapploct,#0853,https://pokemondb.net/pokedex/grapploct
Sinistea,#0854,https://pokemondb.net/pokedex/sinistea
Polteageist,#0855,https://pokemondb.net/pokedex/polteageist
Hatenna,#0856,https://pokemondb.net/pokedex/hatenna
Hattrem,#0857,https://pokemondb.net/pokedex/hattrem
Hatterene,#0858,https://pokemondb.net/pokedex/hatterene
Impidimp,#0859,https://pokemondb.net/pokedex/impidimp
Morgrem,#0860,https://pokemondb.net/pokedex/morgrem
Grimmsnarl,#0861,https://pokemondb.net/pokedex/grimmsnarl
Obstagoon,#0862,https://pokemondb.net/pokedex/obstagoon
Perrserker,#0863,https://pokemondb.net/pokedex/perrserker
Cursola,#0864,https://pokemondb.net/pokedex/cursola
Sirfetch'd,#0865,https://pokemondb.net/pokedex/sirfetchd
Mr. Rime,#0866,https://pokemondb.net/pokedex/mr-rime
Runerigus,#0867,https://pokemondb.net/pokedex/runerigus
Milcery,#0868,https://pokemondb.net/pokedex/milcery
Alcremie,#0869,https://pokemondb.net/pokedex/alcremie
Falinks,#0870,https://pokemondb.net/pokedex/falinks
Pincurchin,#0871,https://pokemondb.net/pokedex/pincurchin
Snom,#0872,https://pokemondb.net/pokedex/snom
Frosmoth,#0873,https://pokemondb.net/pokedex/frosmoth
Stonjourner,#0874,https://pokemondb.net/pokedex/stonjourner
Eiscue,#0875,https://pokemondb.net/pokedex/eiscue
Indeedee,#0876,https://pokemondb.net/pokedex/indeedee
Morpeko,#0877,https://pokemondb.net/pokedex/morpeko
Cufant,#0878,https://pokemondb.net/pokedex/cufant
Copperajah,#0879,https://pokemondb.net/pokedex/copperajah
Dracozolt,#0880,https://pokemondb.net/pokedex/dracozolt
Arctozolt,#0881,https://pokemondb.net/pokedex/arctozolt
Dracovish,#0882,https://pokemondb.net/pokedex/dracovish
Arctovish,#0883,https://pokemondb.net/pokedex/arctovish
Duraludon,#0884,https://pokemondb.net/pokedex/duraludon
Dreepy,#0885,https://pokemondb.net/pokedex/dreepy
Drakloak,#0886,https://pokemondb.net/pokedex/drakloak
Dragapult,#0887,https://pokemondb.net/pokedex/dragapult
Zacian,#0888,https://pokemondb.net/pokedex/zacian
Zamazenta,#0889,https://pokemondb.net/pokedex/zamazenta
Eternatus,#0890,https://pokemondb.net/pokedex/eternatus
Kubfu,#0891,https://pokemondb.net/pokedex/kubfu
Urshifu,#0892,https://pokemondb.net/pokedex/urshifu
Zarude,#0893,https://pokemondb.net/pokedex/zarude
Regieleki,#0894,https://pokemondb.net/pokedex/regieleki
Regidrago,#0895,https://pokemondb.net/pokedex/regidrago
Glastrier,#0896,https://pokemondb.net/pokedex/glastrier
Spectrier,#0897,https://pokemondb.net/pokedex/spectrier
Calyrex,#0898,https://pokemondb.net/pokedex/calyrex
Wyrdeer,#0899,https://pokemondb.net/pokedex/wyrdeer
Kleavor,#0900,https://pokemondb.net/pokedex/kleavor
Ursaluna,#0901,https://pokemondb.net/pokedex/ursaluna
Basculegion,#0902,https://pokemondb.net/pokedex/basculegion
Sneasler,#0903,https://pokemondb.net/pokedex/sneasler
Overqwil,#0904,https://pokemondb.net/pokedex/overqwil
Enamorus,#0905,https://pokemondb.net/pokedex/enamorus
Sprigatito,#0906,https://pokemondb.net/pokedex/sprigatito
Floragato,#0907,https://pokemondb.net/pokedex/floragato
Meowscarada,#0908,https://pokemondb.net/pokedex/meowscarada
Fuecoco,#0909,https://pokemondb.net/pokedex/fuecoco
Crocalor,#0910,https://pokemondb.net/pokedex/crocalor
Skeledirge,#0911,https://pokemondb.net/pokedex/skeledirge
Quaxly,#0912,https://pokemondb.net/pokedex/quaxly
Quaxwell,#0913,https://pokemondb.net/pokedex/quaxwell
Quaquaval,#0914,https://pokemondb.net/pokedex/quaquaval
Lechonk,#0915,https://pokemondb.net/pokedex/lechonk
Oinkologne,#0916,https://pokemondb.net/pokedex/oinkologne
Tarountula,#0917,https://pokemondb.net/pokedex/tarountula
Spidops,#0918,https://pokemondb.net/pokedex/spidops
Nymble,#0919,https://pokemondb.net/pokedex/nymble
Lokix,#0920,https://pokemondb.net/pokedex/lokix
Pawmi,#0921,https://pokemondb.net/pokedex/pawmi
Pawmo,#0922,https://pokemondb.net/pokedex/pawmo
Pawmot,#0923,https://pokemondb.net/pokedex/pawmot
Tandemaus,#0924,https://pokemondb.net/pokedex/tandemaus
Maushold,#0925,https://pokemondb.net/pokedex/maushold
Fidough,#0926,https://pokemondb.net/pokedex/fidough
Dachsbun,#0927,https://pokemondb.net/pokedex/dachsbun
Smoliv,#0928,https://pokemondb.net/pokedex/smoliv
Dolliv,#0929,https://pokemondb.net/pokedex/dolliv
Arboliva,#0930,https://pokemondb.net/pokedex/arboliva
Squawkabilly,#0931,https://pokemondb.net/pokedex/squawkabilly
Nacli,#0932,https://pokemondb.net/pokedex/nacli
Naclstack,#0933,https://pokemondb.net/pokedex/naclstack
Garganacl,#0934,https://pokemondb.net/pokedex/garganacl
Charcadet,#0935,https://pokemondb.net/pokedex/charcadet
Armarouge,#0936,https://pokemondb.net/pokedex/armarouge
Ceruledge,#0937,https://pokemondb.net/pokedex/ceruledge
Tadbulb,#0938,https://pokemondb.net/pokedex/tadbulb
Bellibolt,#0939,https://pokemondb.net/pokedex/bellibolt
Wattrel,#0940,https://pokemondb.net/pokedex/wattrel
Kilowattrel,#0941,https://pokemondb.net/pokedex/kilowattrel
Maschiff,#0942,https://pokemondb.net/pokedex/maschiff
Mabosstiff,#0943,https://pokemondb.net/pokedex/mabosstiff
Shroodle,#0944,https://pokemondb.net/pokedex/shroodle
Grafaiai,#0945,https://pokemondb.net/pokedex/grafaiai
Bramblin,#0946,https://pokemondb.net/pokedex/bramblin
Brambleghast,#0947,https://pokemondb.net/pokedex/brambleghast
Toedscool,#0948,https://pokemondb.net/pokedex/toedscool
Toedscruel,#0949,https://pokemondb.net/pokedex/toedscruel
Klawf,#0950,https://pokemondb.net/pokedex/klawf
Capsakid,#0951,https://pokemondb.net/pokedex/capsakid
Scovillain,#0952,https://pokemondb.net/pokedex/scovillain
Rellor,#0953,https://pokemondb.net/pokedex/rellor
Rabsca,#0954,https://pokemondb.net/pokedex/rabsca
Flittle,#0955,https://pokemondb.net/pokedex/flittle
Espathra,#0956,https://pokemondb.net/pokedex/espathra
Tinkatink,#0957,https://pokemondb.net/pokedex/tinkatink
Tinkatuff,#0958,https://pokemondb.net/pokedex/tinkatuff
Tinkaton,#0959,https://pokemondb.net/pokedex/tinkaton
Wiglett,#0960,https://pokemondb.net/pokedex/wiglett
Wugtrio,#0961,https://pokemondb.net/pokedex/wugtrio
Bombirdier,#0962,https://pokemondb.net/pokedex/bombirdier
Finizen,#0963,https://pokemondb.net/pokedex/finizen
Palafin,#0964,https://pokemondb.net/pokedex/palafin
Varoom,#0965,https://pokemondb.net/pokedex/varoom
Revavroom,#0966,https://pokemondb.net/pokedex/revavroom
Cyclizar,#0967,https://pokemondb.net/pokedex/cyclizar
Orthworm,#0968,https://pokemondb.net/pokedex/orthworm
Glimmet,#0969,https://pokemondb.net/pokedex/glimmet
Glimmora,#0970,https://pokemondb.net/pokedex/glimmora
Greavard,#0971,https://pokemondb.net/pokedex/greavard
Houndstone,#0972,https://pokemondb.net/pokedex/houndstone
Flamigo,#0973,https://pokemondb.net/pokedex/flamigo
Cetoddle,#0974,https://pokemondb.net/pokedex/cetoddle
Cetitan,#0975,https://pokemondb.net/pokedex/cetitan
Veluza,#0976,https://pokemondb.net/pokedex/veluza
Dondozo,#0977,https://pokemondb.net/pokedex/dondozo
Tatsugiri,#0978,https://pokemondb.net/pokedex/tatsugiri
Annihilape,#0979,https://pokemondb.net/pokedex/annihilape
Clodsire,#0980,https://pokemondb.net/pokedex/clodsire
Farigiraf,#0981,https://pokemondb.net/pokedex/farigiraf
Dudunsparce,#0982,https://pokemondb.net/pokedex/dudunsparce
Kingambit,#0983,https://pokemondb.net/pokedex/kingambit
Great Tusk,#0984,https://pokemondb.net/pokedex/great-tusk
Scream Tail,#0985,https://pokemondb.net/pokedex/scream-tail
Brute Bonnet,#0986,https://pokemondb.net/pokedex/brute-bonnet
Flutter Mane,#0987,https://pokemondb.net/pokedex/flutter-mane
Slither Wing,#0988,https://pokemondb.net/pokedex/slither-wing
Sandy Shocks,#0989,https://pokemondb.net/pokedex/sandy-shocks
Iron Treads,#0990,https://pokemondb.net/pokedex/iron-treads
Iron Bundle,#0991,https://pokemondb.net/pokedex/iron-bundle
Iron Hands,#0992,https://pokemondb.net/pokedex/iron-hands
Iron Jugulis,#0993,https://pokemondb.net/pokedex/iron-jugulis
Iron Moth,#0994,https://pokemondb.net/pokedex/iron-moth
Iron Thorns,#0995,https://pokemondb.net/pokedex/iron-thorns
Frigibax,#0996,https://pokemondb.net/pokedex/frigibax
Arctibax,#0997,https://pokemondb.net/pokedex/arctibax
Baxcalibur,#0998,https://pokemondb.net/pokedex/baxcalibur
Gimmighoul,#0999,https://pokemondb.net/pokedex/gimmighoul
Gholdengo,#1000,https://pokemondb.net/pokedex/gholdengo
Wo-Chien,#1001,https://pokemondb.net/pokedex/wo-chien
Chien-Pao,#1002,https://pokemondb.net/pokedex/chien-pao
Ting-Lu,#1003,https://pokemondb.net/pokedex/ting-lu
Chi-Yu,#1004,https://pokemondb.net/pokedex/chi-yu
Roaring Moon,#1005,https://pokemondb.net/pokedex/roaring-moon
Iron Valiant,#1006,https://pokemondb.net/pokedex/iron-valiant
Koraidon,#1007,https://pokemondb.net/pokedex/koraidon
Miraidon,#1008,https://pokemondb.net/pokedex/miraidon
Walking Wake,#1009,https://pokemondb.net/pokedex/walking-wake
Iron Leaves,#1010,https://pokemondb.net/pokedex/iron-leaves
